index,q0,q1,q2,q3,q4,q5,force_N,target_contact_count,force_error_N,scheduled_xy_error_m,reference_xy_error_m,scheduled_orientation_error_rad,force_normal_orientation_error_rad
0,0.0,-0.1,0.15,-0.05,0.0,0.0,4.9999999999967395,1,3.2605029787191597e-12,0.0,0.0,0.0,0.17453292523411995
1,-9.23296550257284e-11,-0.10008777766126704,0.14973331676972118,-0.049649074091210325,3.049686272475707e-12,0.0008076803620488823,4.9999999999880815,1,1.191846621395598e-11,4.060985722879006e-11,2.368174316992426e-05,3.1908111811967516e-09,0.17372877985482607
2,-1.8466353179734973e-10,-0.10017022838486296,0.14946004935908694,-0.049298794137002035,6.080975529582853e-12,0.00161726711028913,4.999999999981429,1,1.857092257750992e-11,4.035173861933222e-11,4.73634454718451e-05,3.192700424050503e-09,0.17292463128660873
3,-2.7700058654427206e-10,-0.1002473609409891,0.1491801893159635,-0.04894912363192138,9.093838975123261e-12,0.002428737772621866,4.999999999985478,1,1.4521717162097048e-11,4.010354078875546e-11,7.104514778366254e-05,3.1946477986384157e-09,0.17212048271844532
4,-3.6934133137467075e-10,-0.10031918185045732,0.14889372378251287,-0.048600025210210014,1.2088297615828274e-11,0.003242074361908237,4.999999999992941,1,7.059242079776595e-12,3.986587005274164e-11,9.472685010598111e-05,3.1966835265424123e-09,0.17131633415036587
5,-4.616855426071253e-10,-0.10038569605190444,0.14860063844244906,-0.048251462564134893,1.5064339641730123e-11,0.004057259825324913,4.999999999988901,1,1.1098677532572765e-11,3.9638945829646984e-11,0.00011840855243902203,3.19882048481615e-09,0.1705121855823851
6,-5.540335159601692e-10,-0.1004469066933449,0.14830091765310896,-0.04790340114453059,1.8021974648310607e-11,0.004874278404368455,4.999999999989191,1,1.0809131367750524e-11,3.9423072503457684e-11,0.00014209025478309056,3.2010740160643372e-09,0.1697080370145176
7,-6.463839921741834e-10,-0.1005028155148159,0.1479945442684939,-0.047555806988257954,2.0961186191005785e-11,0.005693115021922386,4.999999999978956,1,2.1043611297955067e-11,3.9218495440610075e-11,0.0001657719571384331,3.203457188940788e-09,0.16890388844677745
8,-7.387387077518942e-10,-0.10055342252546536,0.14768149982597326,-0.047208647772466826,2.388200240626713e-11,0.006513755826898822,4.999999999985025,1,1.497468815614411e-11,3.902547209478039e-11,0.00018945365950530805,3.205986123230084e-09,0.16809973987917928
9,-8.310963337987821e-10,-0.10059872635454724,0.14736176437054474,-0.04686189171579276,2.6784397933809753e-11,0.007336187622176147,4.999999999985606,1,1.439381946966023e-11,3.8844351815289054e-11,0.00021313536188406583,3.208673964303701e-09,0.16729559131173855
10,-9.234578873998526e-10,-0.1006387240154302,0.14703531659281205,-0.04651550835150403,2.9668408968133344e-11,0.00816039826377038,4.9999999999843325,1,1.566746732351021e-11,3.867531221373174e-11,0.0002368170642748852,3.2115378839963105e-09,0.16649144274447195
11,-1.0158228270901574e-09,-0.10067341086044708,0.14670213386849612,-0.04616946869817769,3.2534014169171896e-11,0.008986376746856413,4.999999999978223,1,2.177724667262737e-11,3.851870947766965e-11,0.0002604987666781234,3.214591649744053e-09,0.16568729417739167
12,-1.1081909651390453e-09,-0.1007027807204483,0.14636219218716826,-0.045823744820427684,3.538121746707363e-11,0.009814112977308321,4.999999999996015,1,3.985256569194462e-12,3.837484514839383e-11,0.00028418046909408327,3.217854212281223e-09,0.16488314561051928
13,-1.200562129456462e-09,-0.10072682609876925,0.14601546603425183,-0.045478309185518345,3.821001542475115e-11,0.01064359744028968,4.999999999994996,1,5.0039972165905056e-12,3.824394785757377e-11,0.00030786217152299454,3.2213380371008307e-09,0.16407899704386508
14,-1.2929369215885534e-09,-0.10074553782799678,0.14566192859503263,-0.045133135793662967,4.102042556837183e-11,0.01147482178329524,4.999999999992823,1,7.177369809596712e-12,3.8126371114910335e-11,0.000331543873965212,3.225062670633362e-09,0.16327484847745077
15,-1.3853147038168416e-09,-0.10075890519858477,0.14530155167802564,-0.04478819975422959,4.381243344598552e-11,0.012307778597613946,4.999999999982615,1,1.738520438721025e-11,3.802251173243641e-11,0.0003552255764211338,3.2290458800602952e-09,0.1624706999112943
16,-1.4776954412202686e-09,-0.10076691601533018,0.14493430567265894,-0.0444434770846618,4.6586044195893405e-11,0.013142461316042736,4.9999999999787805,1,2.1219470625055692e-11,3.7932536680274165e-11,0.00037890727889092814,3.233303105082207e-09,0.16166655134540936
17,-1.5700798613828824e-09,-0.10076955651077817,0.14456015959565532,-0.04409894498687791,4.934127522012154e-11,0.013978864356299872,4.999999999990489,1,9.510614518148941e-12,3.7857031805404305e-11,0.0004025889813751823,3.237856546990157e-09,0.1608624027798203
18,-1.6624671658514495e-09,-0.1007668113805654,0.14417908105757837,-0.04375458170939579,5.207810870171797e-11,0.014816983051961179,4.999999999987553,1,1.2446932373677555e-11,3.77961501186273e-11,0.00042627068387405057,3.2427212059122657e-09,0.16005825421454103
19,-1.7548579044847028e-09,-0.1007586638788517,0.14379103618113118,-0.04341036618984715,5.479655814865218e-11,0.015656813472093134,4.999999999985903,1,1.4097167877480388e-11,3.7750329108186547e-11,0.00044995238638797114,3.247918871166823e-09,0.1592541056495947
20,-1.847251177415837e-09,-0.10074509548691823,0.143395989810945,-0.0430662791686037,5.749660156394957e-11,0.016498352993696924,4.999999999980796,1,1.9204193790756108e-11,3.7720019210665665e-11,0.00047363408891739836,3.2534698774746306e-09,0.15844995708499884
21,-1.939647959828785e-09,-0.1007260866273005,0.1429939049910865,-0.042722300667269154,6.017827830266528e-11,0.017341599016825287,4.999999999980102,1,1.9897861136541906e-11,3.770552960014342e-11,0.0004973157914626401,3.2593938068528276e-09,0.15764580852077759
22,-2.03204730144134e-09,-0.10070161556556918,0.14258474371344415,-0.04237841377105668,6.28415577543966e-11,0.018186550900350686,4.999999999997638,1,2.361666417982633e-12,3.7707337545699534e-11,0.0005209974940241762,3.26571347386485e-09,0.15684165995695082
23,-2.124449960825779e-09,-0.1006716593130354,0.14216846625246765,-0.04203460143312651,6.548645916069886e-11,0.019033208334272408,4.999999999991583,1,8.417266883498087e-12,3.772591085400443e-11,0.0005446791966024759,3.272451088057219e-09,0.15603751139354144
24,-2.216855532906808e-09,-0.10063619330317959,0.1417450313568298,-0.04169084753910229,6.811298004343759e-11,0.019881571889001543,4.999999999992308,1,7.691625114603085e-12,3.7761522198791464e-11,0.000568360899197813,3.279626710986205e-09,0.1552333628305702
25,-2.3092642072345597e-09,-0.10059519117562948,0.1413143963787073,-0.04134713762011339,7.072111840373296e-11,0.020731643383091906,4.999999999989687,1,1.0312639631138154e-11,3.7814795450660895e-11,0.0005920426018108131,3.2872668016392492e-09,0.1544292142680631
26,-2.4016753388017555e-09,-0.10054862511883951,0.14087651697514417,-0.04100345755986328,7.331087697897762e-11,0.021583425231632956,4.999999999993917,1,6.083133996526158e-12,3.788615598216353e-11,0.000615724304441903,3.2953956325642808e-09,0.15362506570604612
27,-2.494089303268771e-09,-0.1004964655684472,0.1404313472926505,-0.040659794597326694,7.588225270364619e-11,0.02243692096270269,4.999999999993682,1,6.317613099326991e-12,3.797610366099476e-11,0.0006394060070915847,3.304037247329948e-09,0.15282091714454107
28,-2.5865062417583066e-09,-0.10043868138560426,0.1399788397792396,-0.04031613659755492,7.843525659486004e-11,0.023292134854462666,4.9999999999970415,1,2.958522316021117e-12,3.808520177364105e-11,0.0006630877097604204,3.313219628961825e-09,0.15201676858357624
29,-2.678926158658066e-09,-0.10037523962548732,0.13951894531529724,-0.03997247280252331,8.096988273200459e-11,0.024149072323652543,4.999999999995345,1,4.654943097648356e-12,3.821393985376621e-11,0.0006867694124489035,3.322969215265779e-09,0.15121262002318092
30,-2.7713482922980405e-09,-0.10030610577401702,0.1390516129627798,-0.039628792860899244,8.348613430987132e-11,0.02500773944287904,4.999999999994631,1,5.369038547087257e-12,3.8362826665226714e-11,0.0007104511151575433,3.3333108098418977e-09,0.15040847146337694
31,-2.8637730497132335e-09,-0.10023124338641184,0.13857679019964506,-0.03928508805249893,8.598401469171001e-11,0.02586814356918433,4.999999999997378,1,2.6219026949547697e-12,3.853259552351701e-11,0.0007341328178870743,3.3442789908129202e-09,0.14960432290420103
32,-2.956201690878489e-09,-0.10015061431325764,0.13809442266618108,-0.0389413503372068,8.846353780131129e-11,0.02673029287272038,5.000000000003073,1,3.0730973321624333e-12,3.872384449539829e-11,0.000757814520638096,3.3559039315919536e-09,0.14880017434568182
33,-3.0486313327398935e-09,-0.1000641786119258,0.13760445416269074,-0.03859757255161744,9.09246705409116e-11,0.027594196447124134,4.999999999996605,1,3.3946179200938786e-12,3.893704867284196e-11,0.0007814962234110845,3.3682116505363753e-09,0.1479960257878472
34,-3.1410651281576262e-09,-0.09997189450924865,0.13710682659996587,-0.03825374840785603,9.336745684993896e-11,0.028459864320523928,4.999999999985191,1,1.4808598791660188e-11,3.917299008937682e-11,0.000805177926206823,3.3812394079611287e-09,0.1471918772307348
35,-3.2334998197001186e-09,-0.0998737182175119,0.13660148007849846,-0.037909873047523975,9.579184666638197e-11,0.029327307746280572,4.999999999989985,1,1.0015099860538612e-11,3.943241099834671e-11,0.0008288596290260548,3.3950213883193645e-09,0.1463877286743763
36,-3.3259379303116513e-09,-0.09976960414585796,0.1360883526068735,-0.037565942075396264,9.819789544163236e-11,0.030196538729691434,4.999999999989622,1,1.0378364834195963e-11,3.971603646905765e-11,0.000852541331869506,3.4095925327844028e-09,0.14558358011880937
37,-3.418378186998103e-09,-0.09965950466025668,0.13556738021750683,-0.03722195230347384,1.005855683614381e-10,0.031067570416276325,4.999999999985736,1,1.4264145420384011e-11,4.0024496091472345e-11,0.0008762230347378071,3.4249878470532827e-09,0.1447794315640664
38,-3.510821442076736e-09,-0.0995433700939093,0.1350384968524537,-0.036877901529761205,1.0295488446292873e-10,0.0319404169951456,4.9999999999911715,1,8.828493491819245e-12,4.0358737906651665e-11,0.000899904737631907,3.4412474602589213e-09,0.1439752830101911
39,-3.6032670939650416e-09,-0.09942114877491225,0.13450163422064046,-0.03653378822846451,1.053058453115031e-10,0.032815093559636604,4.99999999997545,1,2.455013969893116e-11,4.071946467376333e-11,0.0009235864405525092,3.4584100429797834e-09,0.14317113445721968
40,-3.6957150381348156e-09,-0.09929278675055597,0.13395672193941466,-0.03618961241956601,1.0763843334279323e-10,0.03369161655962988,4.9999999999822125,1,1.7787549211334408e-11,4.1107656577070804e-11,0.0009472681435005946,3.4765202405748328e-09,0.1423669859051973
41,-3.788165274929083e-09,-0.09915822798811338,0.13340368721044105,-0.03584537465293336,1.0995266811228302e-10,0.03457000331055941,4.9999999999868505,1,1.3149481503660354e-11,4.152414929561056e-11,0.0009709498464769993,3.4956197516865178e-09,0.14156283735416625
42,-3.8806169743554005e-09,-0.09901741416753677,0.13284245487875296,-0.03550107658013266,1.12248536395366e-10,0.03545027229886484,4.99999999998842,1,1.1580070236050233e-11,4.1969950185580945e-11,0.0009946315494827312,3.515753922920067e-09,0.14075868880417158
43,-3.973072217533312e-09,-0.09887028454957351,0.13227294741771634,-0.035156721227172824,1.1452606211522173e-10,0.0363324433378881,4.99999999998182,1,1.8180124072841863e-11,4.244603891875826e-11,0.0010183132525187707,3.5369710897300762e-09,0.13995454025526247
44,-4.065529179713894e-09,-0.09871677613706453,0.13169508460296478,-0.03481231206461087,1.1678522832976465e-10,0.037216537125344056,4.9999999999948965,1,5.1034731995969196e-12,4.2953484695240334e-11,0.0010419949555861866,3.559320647716893e-09,0.1391503917074861
45,-4.1579885082560355e-09,-0.09855682333892642,0.1311087836834903,-0.034467854064941274,1.1902603739488386e-10,0.038102575793596154,4.999999999982581,1,1.7418955167158856e-11,4.3493428688746326e-11,0.001065676658686121,3.5828581865480096e-09,0.13834624316090186
46,-4.250449452840325e-09,-0.09839035814408177,0.13051395901499543,-0.03412335267380295,1.2124848685766435e-10,0.03899058242145623,4.999999999977696,1,2.2303936475509545e-11,4.406688870738225e-11,0.0010893583618195916,3.607630757130462e-09,0.13754209461555347
47,-4.342913721276639e-09,-0.09821730976960305,0.12991052223339358,-0.03377881490743081,1.2345261034865543e-10,0.03988058160625442,4.99999999999011,1,9.889866703360894e-12,4.4675202208089934e-11,0.0011130400649879356,3.6337021609904823e-09,0.13673794607150488
48,-4.4353791150598055e-09,-0.09803760480339559,0.1292983818910663,-0.033434248399655024,1.256383563303454e-10,0.04077259901728722,4.999999999986695,1,1.3304912727107876e-11,4.5319656295842135e-11,0.0011367217681924405,3.66112987520941e-09,0.13593379752881732
49,-4.527846983925518e-09,-0.0978511669420121,0.12867744351313593,-0.033089662093263965,1.2780576928566566e-10,0.04166666176870686,5.000000000000126,1,1.2612133559741778e-13,4.6001658540777194e-11,0.0011604034714345136,3.68998021264652e-09,0.13512964898755292
50,-4.620317307609945e-09,-0.09765791695688959,0.12804760939385953,-0.03274506596396215,1.2995483804924244e-10,0.04256279831333942,4.999999999980061,1,1.993871734384811e-11,4.6722339785036414e-11,0.0011840851747152849,3.7203116850507325e-09,0.1343255004477726
51,-4.7127885000286595e-09,-0.09745777256519206,0.12740877848032814,-0.032400471111564993,1.3208554875149772e-10,0.04346103852099583,4.999999999980437,1,1.9563017872314958e-11,4.748356469737672e-11,0.0012077668780366194,3.752201667018426e-09,0.13352135190955303
52,-4.805262528446572e-09,-0.09725064837260461,0.12676084615678374,-0.03205588951613231,1.3419792397066606e-10,0.0443614135931105,4.999999999976074,1,2.3925750269881974e-11,4.8286682004730284e-11,0.0012314485813998649,3.7857186706139815e-09,0.1327172033729631
53,-4.897738104982291e-09,-0.0970364556547351,0.12610370419634148,-0.03171133444956737,1.3629194162841178e-10,0.04526395630399788,4.999999999978844,1,2.1156409957256983e-11,4.9133464146847376e-11,0.0012551302848067948,3.82094420036992e-09,0.1319130548380835
54,-4.990216101549544e-09,-0.09681510227199293,0.12543724054042957,-0.03136682028653237,1.3836763821495553e-10,0.046168700947223446,4.999999999980414,1,1.9586110511227162e-11,5.002570895935122e-11,0.0012788119882592046,3.857956168750465e-09,0.13110890630499122
55,-5.08269574793334e-09,-0.09658649249451982,0.12476133916236677,-0.03102236266481147,1.4042497629522652e-10,0.04707568345730922,4.999999999996488,1,3.511857471494295e-12,5.0965127363326506e-11,0.0013024936917588055,3.896839708319024e-09,0.13030475777377348
56,-5.1751771715705165e-09,-0.09635052678084167,0.12407587996801588,-0.03067797881473513,1.4246398244919937e-10,0.04798494161715406,4.999999999975405,1,2.4595436798335868e-11,5.1953762339345165e-11,0.0013261753953076395,3.937689544624194e-09,0.1295006092445267
57,-5.267660779079267e-09,-0.09610710225169906,0.12338073780005135,-0.03033368476132371,1.44484659659027e-10,0.048896513729760976,4.999999999977724,1,2.227640294449884e-11,5.2993653759139325e-11,0.0013498570989077458,3.9805890549996905e-09,0.12869646071732843
58,-5.360145656311233e-09,-0.09585611141808406,0.12267578358377113,-0.029989500190162017,1.464869793072996e-10,0.04981044106629749,4.999999999981512,1,1.8488321984477807e-11,5.4087022306572507e-11,0.0013735388025613445,4.0256498179940825e-09,0.12789231219229746
59,-5.452632331752078e-09,-0.09559744264868411,0.12196088329945437,-0.029645445608801804,1.484709811608982e-10,0.05072676652261951,4.999999999978857,1,2.114308728096148e-11,5.523624204716679e-11,0.0013972205062708085,4.07297590811789e-09,0.1270881636695312
60,-5.545122695651831e-09,-0.09533098004265328,0.1212358976360435,-0.029301542035181326,1.5043666028915873e-10,0.051645534526766256,4.9999999999663896,1,3.361044775829214e-11,5.6443665103679074e-11,0.0014209022100384902,4.122678131885922e-09,0.1262840151491452
61,-5.6376111939882654e-09,-0.09505660285511205,0.12050068219790093,-0.0289578126572378,1.5238396623120553e-10,0.052566791917307426,4.999999999973423,1,2.6576962852686847e-11,5.7712205451697864e-11,0.0014445839138673008,4.174882032661399e-09,0.12547986663126068
62,-5.730104380144194e-09,-0.09477418574409614,0.11975508660118402,-0.028614280708435816,1.5431297656746683e-10,0.05349058696946805,4.999999999975735,1,2.426503442620742e-11,5.90443468114563e-11,0.0014682656177597245,4.229705613715395e-09,0.12467571811599977
63,-5.8225979405043325e-09,-0.09448359817341254,0.1189989546318585,-0.02827097109424226,1.5622363516627872e-10,0.05441697026641561,4.999999999974961,1,2.503863782976623e-11,6.04432667817295e-11,0.0014919473217189375,4.2872895828820004e-09,0.12387156960350021
64,-5.91509259598212e-09,-0.09418470411699027,0.11823212397764817,-0.027927910597718656,1.5811596532123286e-10,0.05534599487728149,4.9999999999757225,1,2.4277468924083223e-11,6.191184950585623e-11,0.0015156290257478235,4.3477694128329805e-09,0.123067421093899
65,-6.007589408510679e-09,-0.09387736194910963,0.11745442565059334,-0.027585127128064924,1.5998998886079214e-10,0.056277716073341526,4.999999999983176,1,1.6823875625959772e-11,6.34538758513767e-11,0.0015393107298501615,4.411309233227018e-09,0.12226327258735825
66,-6.100087768992463e-09,-0.09356142429765522,0.11666568338829514,-0.027242649016003335,1.6184566218886462e-10,0.05721219107544997,4.9999999999805524,1,1.9447554677753942e-11,6.507261833327377e-11,0.0015629924340292243,4.478060566242067e-09,0.12145912408403335
67,-6.192585940656704e-09,-0.09323673727023614,0.11586571388048081,-0.02690050715948371,1.6368300110653946e-10,0.05814948019926213,4.999999999973235,1,2.6765256677663274e-11,6.677202106657408e-11,0.001586674138288954,4.5481999092691804e-09,0.1206549755840952
68,-6.285089021441269e-09,-0.09290314057020443,0.11505432567752867,-0.026558732870300306,1.655020641763268e-10,0.05908964590936401,4.999999999965133,1,3.4867220222167816e-11,6.85561190557797e-11,0.001610355842633385,4.6219092634754265e-09,0.11985082708773111
69,-6.377591616031297e-09,-0.09256046674091545,0.11423131926263039,-0.0262173597112882,1.673027797237709e-10,0.06003275382855042,4.999999999979157,1,2.084288297510284e-11,7.042950759758773e-11,0.001634037547067112,4.699392773836222e-09,0.11904667859514192
70,-6.470096206580156e-09,-0.0922085410451157,0.11339648613218434,-0.025876422176702524,1.6908518503679298e-10,0.06097887221722292,4.999999999972641,1,2.7358559862022958e-11,7.239667450485611e-11,0.0016577192515946214,4.780852172555369e-09,0.11824253010653062
71,-6.562601860462102e-09,-0.0918471811141359,0.11254960810170989,-0.025535955284679168,1.7084925509743588e-10,0.0619280719091046,4.99999999996155,1,3.845013196723812e-11,7.446258192686767e-11,0.0016814009562208748,4.866511734869835e-09,0.11743838162211975
72,-6.655109036626211e-09,-0.09147619599556996,0.11169045742616862,-0.025195996943304957,1.7259501406723433e-10,0.06288042760466202,4.999999999953838,1,4.616218518549431e-11,7.663299437986372e-11,0.0017050826609516358,4.956624122788384e-09,0.11663423314216391
73,-6.74761767526804e-09,-0.09109538612400547,0.11081879542577741,-0.024856585636538496,1.7432246234066638e-10,0.063836016901973,4.999999999968669,1,3.133138193334162e-11,7.891350113903753e-11,0.0017287643657924927,5.05144096953308e-09,0.11583008466691276
74,-6.840128469832252e-09,-0.09070454239697381,0.10993437234231622,-0.024517762268888594,1.7603161451061177e-10,0.06479492136101005,4.9999999999723155,1,2.7684521342052903e-11,8.131057526893198e-11,0.0017524460707499178,5.151250093105782e-09,0.11502593619665574
75,-6.932639924930371e-09,-0.090303445999898,0.10903692590428657,-0.024179568076479488,1.777224434807047e-10,0.06575722567454056,4.999999999969099,1,3.090061539978706e-11,8.383031815830161e-11,0.0017761277758300113,5.256329960571259e-09,0.11422178773166919
76,-7.025152553141552e-09,-0.08989186748308586,0.10812618089589783,-0.023842045971600632,1.7939497993265064e-10,0.06672301852060317,4.999999999973493,1,2.6506796757530537e-11,8.64808841966428e-11,0.001799809481040928,5.367029965685607e-09,0.11341763927230454
77,-7.1176661400760825e-09,-0.08946956593996419,0.10720184841919067,-0.02350524112642841,1.8104916881949005e-10,0.06769239306241856,4.99999999997111,1,2.8889779457585973e-11,8.926981610322377e-11,0.001823491186390209,5.483692011749039e-09,0.11261349081890246
78,-7.210180012372594e-09,-0.08903628863800526,0.106263624227017,-0.023169198921318426,1.8268505444547168e-10,0.06866544619458925,4.999999999957631,1,4.2368775154955074e-11,9.2205536375157e-11,0.0018471728918862762,5.606689662004677e-09,0.11180934237183751
79,-7.3026966792164214e-09,-0.0885917695530831,0.10531118862615235,-0.022833968097782615,1.843026637900432e-10,0.06964228032730933,4.999999999966109,1,3.389111213891738e-11,9.529748078964735e-11,0.0018708545975385648,5.7364394376788945e-09,0.11100519393152179
80,-7.395215940893312e-09,-0.0881357292809581,0.10434420387896,-0.02249959645762705,1.8590198554307525e-10,0.07062300159533542,4.999999999956481,1,4.3518966208466736e-11,9.855583534644242e-11,0.0018945363033572602,5.8733879411033345e-09,0.1102010454984096
81,-7.487733584588942e-09,-0.08766787323599035,0.10336231416373355,-0.022166134875591124,1.8748297949924453e-10,0.07160772210899564,4.999999999979355,1,2.064481918750971e-11,1.0199130302321066e-10,0.0019182180093530647,6.018013128207983e-09,0.10939689707297298
82,-7.580256472648002e-09,-0.08718789080725775,0.10236514366029317,-0.02183363589483075,1.8904572725654762e-10,0.07259655962017911,4.9999999999598685,1,4.013145371573046e-11,1.056157567980302e-10,0.001941899715537851,6.170839589484958e-09,0.10859274865573643
83,-7.672776071464246e-09,-0.08669545442211685,0.10135229441537044,-0.021502152150503967,1.9059011401710474e-10,0.07358963714408961,4.999999999958993,1,4.100719763755478e-11,1.0944248682208862e-10,0.0019655814219249083,6.332446633283584e-09,0.10778860024728028
84,-7.765300472751794e-09,-0.0861902179017313,0.10032334502991858,-0.021171737821623886,1.9211625694679759e-10,0.0745870840793133,4.999999999961575,1,3.842526297148652e-11,1.1348587445705981e-10,0.001989263128528618,6.503471796009172e-09,0.1069844518482421
85,-7.857823713380042e-09,-0.08567181489963871,0.09927784877999378,-0.020842448913453104,1.9362409676367474e-10,0.07558903680791071,4.999999999965669,1,3.433076045666894e-11,1.1776151182559541e-10,0.002012944835364572,6.6845986879926084e-09,0.10618030345930657
86,-7.950348767498173e-09,-0.08513985742846236,0.09821533107099784,-0.020514342185138763,1.9511367547564635e-10,0.07659563869551068,4.999999999947258,1,5.2741810918632837e-11,1.2228615328387755e-10,0.002036626542449524,6.876567143440586e-09,0.10537615508121297
87,-8.042875314259745e-09,-0.0845939338349425,0.09713528729019037,-0.020187476017377103,1.9658492826870151e-10,0.07760704108143163,4.99999999996201,1,3.7990055545833457e-11,1.2707948899739337e-10,0.002060308249803163,7.080235811148057e-09,0.10457200671481502
88,-8.135402714611767e-09,-0.08403360690909412,0.09603717975900357,-0.01986190941654154,1.9803792281132314e-10,0.07862340343972025,4.999999999961825,1,3.817479665713108e-11,1.3216214268088888e-10,0.0020839899574461133,7.296514158565016e-09,0.10376785836103097
89,-8.227930736226961e-09,-0.08345841178886912,0.09492043427469138,-0.019537700770512628,1.9947264464183946e-10,0.07964489349795302,4.999999999934062,1,6.59383658785373e-11,1.3755711353167323e-10,0.002107671665401374,7.526404451076274e-09,0.10296371002085622
90,-8.320462874141497e-09,-0.08286785282765538,0.09378443768497824,-0.019214910744516287,2.00889122824341e-10,0.08067168942588435,4.999999999949945,1,5.005507119903996e-11,1.4329013724351634e-10,0.0021313533736946806,7.771041674658105e-09,0.10215956169542759
91,-8.412993287674026e-09,-0.08226140123310044,0.09262853303239016,-0.018893599218266305,2.0228727272336643e-10,0.08170397926708048,4.999999999932539,1,6.746070368990331e-11,1.4939055246903007e-10,0.0021550350823553704,8.031694973828163e-09,0.10135541338601615
92,-8.505525695705145e-09,-0.08163849158463522,0.09145201558737366,-0.01857382630388171,2.0366722523321786e-10,0.08274196244127179,4.9999999999384155,1,6.158451526516728e-11,1.5588951861844803e-10,0.002178716791414604,8.309737531283854e-09,0.10055126509398979
93,-8.598059025830952e-09,-0.08099851839895665,0.0902541274218962,-0.018255650726130907,2.0502885001921252e-10,0.0837858501163939,4.999999999929161,1,7.083933439844259e-11,1.6282291578497012e-10,0.002202398500908261,8.606731609713484e-09,0.09974711682091666
94,-8.690593248848128e-09,-0.0803408316596853,0.08903405233824148,-0.017939131165352788,2.0637226880702912e-10,0.0848358671523669,4.999999999936056,1,6.394440532631052e-11,1.7023093603669452e-10,0.002226080210876533,8.92443298920979e-09,0.09894296856854888
95,-8.7831297764574e-09,-0.07966473238566037,0.08779090884166099,-0.01762432412330267,2.0769740275161643e-10,0.08589225256255781,4.99999999992869,1,7.131006896088365e-11,1.7815898482440673e-10,0.002249761921364825,9.264817770140943e-09,0.09813882033886333
96,-8.875666612350987e-09,-0.07896946739774885,0.08652374240918316,-0.017311282385505247,2.0900429337656942e-10,0.08695526047409832,4.9999999999436895,1,5.631051180898794e-11,1.866584118054789e-10,0.0022734436324244878,9.630117486916582e-09,0.09733467213409176
97,-8.968204791046495e-09,-0.07825422249076223,0.08523151822936406,-0.017000057913815602,2.1029299845377525e-10,0.08802516345258814,4.999999999935143,1,6.485656456334254e-11,1.9578670143119913e-10,0.0022971253441130056,1.0022843056368207e-08,0.0965305239567456
98,-9.060743737394654e-09,-0.07751811616121644,0.08391310971707332,-0.01669069615829549,2.1156339639371358e-10,0.08910225202684972,4.999999999920396,1,7.960387904404342e-11,2.0561030733508461e-10,0.002320807056496831,1.0445880034175349e-08,0.09572637580970815
99,-9.153286821971847e-09,-0.07676019107022759,0.08256728769607863,-0.016383236658582323,2.1281563332989478e-10,0.09018683757060171,4.99999999991881,1,8.119016570162785e-11,2.1620432576344453e-10,0.0023444887696510612,1.0902495767489818e-08,0.09492222769624946
100,-9.245825660395806e-09,-0.07597940469450432,0.08119270667608582,-0.01607771045018967,2.1404957264883518e-10,0.09127925408254799,4.999999999911806,1,8.819434071938304e-11,2.2765675216414402e-10,0.0023681704836636917,1.1396502709404764e-08,0.09411807962017905
101,-9.33837153836823e-09,-0.07517461781728758,0.07978788994913595,-0.015774140319946492,2.1526537550553215e-10,0.09237986183634615,4.999999999914471,1,8.552891728186296e-11,2.4006827937078885e-10,0.0023918521986354153,1.1932272151372037e-08,0.0933139315858718
102,-9.43091710369338e-09,-0.07434458204092667,0.07835120998132047,-0.015472535125839324,2.1646294845642765e-10,0.09348904882123354,4.999999999889576,1,1.1042367020763777e-10,2.53554201307589e-10,0.002415533914681526,1.2514811128400028e-08,0.0925097835983325
103,-9.523463849849159e-09,-0.07348792395230873,0.07688086733351715,-0.015172889152726828,2.1764231113887407e-10,0.09460723534206755,4.999999999899105,1,1.0089529212109483e-10,2.682534605027272e-10,0.0024392156319409664,1.3150130363235624e-08,0.0917056356635705
104,-9.61601277925559e-09,-0.07260312762311898,0.07537486285914541,-0.014875173591496897,2.1880351008389871e-10,0.09573487580109849,4.999999999881756,1,1.1824408119309737e-10,2.843254744386015e-10,0.002462897350573154,1.3845133193937461e-08,0.09090148778849146
105,-9.708565143877546e-09,-0.07168851151042484,0.07383096862286874,-0.014579338491309091,2.1994653102131768e-10,0.0968724666316435,4.999999999891048,1,1.0895195856619466e-10,3.0196072162376724e-10,0.002486579070768568,1.4608065967393288e-08,0.09009733998133992
106,-9.801110144547881e-09,-0.07074220439468243,0.07224668509116101,-0.014285293103185914,2.210712237439236e-10,0.09802054538897355,4.999999999870818,1,1.2918199843170441e-10,3.2138437848746815e-10,0.002510260792752385,1.5448662460349896e-08,0.08929319225185196
107,-9.893662630157945e-09,-0.06976211019633129,0.0706192007705185,-0.013992915668564733,2.221779297961767e-10,0.09917970571664607,4.999999999858015,1,1.4198509035168172e-10,3.4286985467589446e-10,0.002533942516798014,1.63787458948439e-08,0.08848904461184952
108,-9.986221055510263e-09,-0.06874587190002819,0.06894532832089714,-0.013702024462437607,2.2326641426072927e-10,0.10035059620001653,4.999999999855007,1,1.4499335065920604e-10,3.667496234830378e-10,0.0025576242432379295,1.7412653602731907e-08,0.08768489707567217
109,-1.007878016625529e-08,-0.0676908213771253,0.067221436123334,-0.01341237291639648,2.2433687934744828e-10,0.10153393374371561,4.999999999839757,1,1.602433741254572e-10,3.934234656720251e-10,0.002581305972471912,1.8567662023964964e-08,0.08688074966059194
110,-1.0171339694821351e-08,-0.06659391911700294,0.06544335715176754,-0.013123628278479434,2.2538915225965547e-10,0.10273051308957987,4.999999999828315,1,1.716848885280342e-10,4.2339330406603116e-10,0.002604987705001885,1.986541443990019e-08,0.08607660238825453
111,-1.02639045358189e-08,-0.06545167797877458,0.06360627288700824,-0.012835343234889744,2.2642334229751798e-10,0.10394121827515078,4.999999999827923,1,1.7207657521112196e-10,4.572849685324967e-10,0.002628669441453678,2.1332875605573808e-08,0.08527245528562478
112,-1.0356465036486771e-08,-0.06426006464737641,0.061704565013506164,-0.012546922225952958,2.2743952093473986e-10,0.10516703870719714,4.999999999782826,1,2.1717383447139582e-10,4.958884579674926e-10,0.0026523511826172905,2.300408837289708e-08,0.08446830838674509
113,-1.0449036231484752e-08,-0.06301437110091196,0.05973162162120589,-0.01225757688017517,2.2843761367490638e-10,0.10640908985841728,4.999999999792379,1,2.0762058738910127e-10,5.40224996788869e-10,0.002676032929513947,2.4923019407730324e-08,0.08366416173558346
114,-1.054160944959117e-08,-0.06170904565844323,0.0576795768311452,-0.011966257670523893,2.2941761139298083e-10,0.10766863634233285,4.999999999747547,1,2.524531694803045e-10,5.916303330622964e-10,0.0026997146834793965,2.714713876342149e-08,0.08286001538960934
115,-1.0634181581068542e-08,-0.060337466437701055,0.05553895504724254,-0.01167155079727677,2.3037970955567573e-10,0.10894711799649512,4.999999999724913,1,2.750866201495228e-10,6.518846458106961e-10,0.0027233964462938178,2.975298513115702e-08,0.08205586942535902
116,-1.0726765209213509e-08,-0.05889162496810564,0.053298184885180316,-0.011371552826983437,2.313238792895852e-10,0.11024619419725504,4.999999999709976,1,2.900240048120395e-10,7.234057202714485e-10,0.0027470782203749965,3.284449490759927e-08,0.08125172394677116
117,-1.0819346705763674e-08,-0.05736168394090812,0.050942898284372116,-0.011063658278177162,2.3225001001770522e-10,0.11156779006924808,4.999999999659112,1,3.4088820655142626e-10,8.095863725228323e-10,0.002770760009115749,3.65674034377985e-08,0.08044757909958372
118,-1.0911921014945031e-08,-0.05573533327620309,0.04845490339476545,-0.010744238904764046,2.3315823433930494e-10,0.11291415892719517,4.999999999609257,1,3.907434376060337e-10,9.153025456414241e-10,0.002794441817392019,4.11310428020197e-08,0.07964343509312491
119,-1.1004530833573685e-08,-0.053996813800583715,0.045810632068275896,-0.010408165711935221,2.340489440725879e-10,0.11428798043645678,4.999999999578953,1,4.2104719710778227e-10,1.0478846776170966e-09,0.0028181236525342446,4.684992129851507e-08,0.07883929224190643
120,-1.109713135186327e-08,-0.05212540133564196,0.0429786443728841,-0.010047919563303021,2.349217494459501e-10,0.11569245072568342,4.9999999994854525,1,5.145475157064539e-10,1.2187238922503085e-09,0.0028418055259335495,5.4212611888238376e-08,0.07803515103449717
121,-1.1189736826470893e-08,-0.050092869072592174,0.039915486009840274,-0.009652162690012686,2.357767421284106e-10,0.1171314587059005,4.999999999392013,1,6.079874381725858e-10,1.4467188721499192e-09,0.002865487456488618,6.40291985685983e-08,0.07723101228098422
122,-1.12823516182484e-08,-0.04785900558912024,0.036558220856901136,-0.00920295427626417,2.366139652792339e-10,0.11860978682044175,4.999999999255397,1,7.446026017987606e-10,1.765495106505647e-09,0.002889169477824938,7.774047656055727e-08,0.07642687742216132
123,-1.1374976117377543e-08,-0.04536291579784454,0.03280974516609105,-0.00867001280124928,2.3743452987602376e-10,0.12013335938007534,4.999999999052697,1,9.473026807427232e-10,2.2411050414754737e-09,0.0029128516559949577,9.817546345980891e-08,0.07562274928704746
124,-1.14676118860415e-08,-0.04250387413014666,0.02850592973185675,-0.007997161228540491,2.3823642956358413e-10,0.12170939656073657,4.999999998721652,1,1.2783480940470326e-09,3.0236058685931544e-09,0.002936534141055868,1.3175873121466643e-07,0.07481863430021259
125,-1.156026479807292e-08,-0.03908992579809424,0.0233262423610614,-0.007063906214734928,2.390223208729328e-10,0.12334596406798554,4.99999999805581,1,1.9441896981220452e-09,4.541847672746718e-09,0.0029602173618577536,1.9684652126398703e-07,0.07401455081790141
126,-1.1652923988929659e-08,-0.034640667059042,0.01644533068816149,-0.0055285201442547595,2.3979171172585333e-10,0.1250462001669587,4.999999996299419,1,3.7005811748258566e-09,8.729156782886492e-09,0.0029839032517269444,3.761810174085662e-07,0.07321058158229655
127,-1.1745579135426345e-08,-0.02440152369247043,-0.00048297839388595083,0.0002982283198967393,2.405416739224147e-10,0.12671314216940235,4.994902453443297,1,0.005097546556703136,0.0,0.0030075762251302427,2.775557561562896e-17,0.07240605683117463
