index,q0,q1,q2,q3,q4,q5,force_N,target_contact_count,force_error_N,scheduled_xy_error_m,reference_xy_error_m,scheduled_orientation_error_rad,force_normal_orientation_error_rad
0,0.0,-0.1,0.15,-0.041,0.0,-0.0235,4.955736512161616,1,0.04426348783838385,0.0,0.0005975372244772861,0.0,0.1890329252341192
1,-8.143658676744743e-11,-0.10000950542019545,0.1496311441632016,-0.04067479803499425,2.5963218630304658e-12,-0.0226618918931895,4.9999999999810125,1,1.8987478256349277e-11,5.194389220232622e-11,0.0006107468258233755,7.4218062799548335e-09,0.1882479764192973
2,-1.6287483434759294e-10,-0.10006559528417754,0.14932544129802305,-0.04035358162543597,5.183629472635422e-12,-0.021836358986438594,4.999999999982167,1,1.7832846310739114e-11,4.3003099510050415e-11,0.0006239563662847744,7.071288201332228e-09,0.18746301983214864
3,-2.4431852612313057e-10,-0.10011668819513003,0.14901366348636355,-0.04003314848269886,7.7619861500371e-12,-0.0210089651774971,4.9999999999871445,1,1.2855494446739613e-11,4.2757959429116746e-11,0.0006371659154418216,7.0788535222912425e-09,0.18667806360308256
4,-3.257660130753426e-10,-0.10016278163763137,0.14869579010030304,-0.039713468480000895,1.0331378006905073e-11,-0.020179722122678632,4.999999999991243,1,8.757439218243235e-12,4.252310642080441e-11,0.0006503754646091523,7.086532402651886e-09,0.1858931073741279
5,-4.07215257298267e-10,-0.10020387178888245,0.14837179984999338,-0.03939451310407799,1.2891750214770761e-11,-0.019348640868217873,4.999999999995841,1,4.1593395394556865e-12,4.229866261107289e-11,0.0006635850137868861,7.094344307296961e-09,0.18510815114530427
6,-4.8867010268878e-10,-0.10023995346375689,0.14804167043662037,-0.039076255180316155,1.5443193743169085e-11,-0.01851573147508175,4.99999999999127,1,8.729905687232531e-12,4.2085117030709376e-11,0.0006767945629755157,7.102329971770974e-09,0.1843231949166538
7,-5.70127612914238e-10,-0.10027102028849323,0.1477053783771651,-0.03875866817611563,1.7985643219901125e-11,-0.017681003366626567,4.999999999978914,1,2.1086243862100673e-11,4.188244087036682e-11,0.0006900041121750099,7.110503281335512e-09,0.18353823868818964
8,-6.515899447516385e-10,-0.10029706444071358,0.14736289928320465,-0.038441727272322514,2.0519151541152593e-11,-0.016844464796003645,4.999999999986284,1,1.3716139335429034e-11,4.1691032073272617e-11,0.0007032136613857676,7.118906582194836e-09,0.18275328245995484
9,-7.330539378859326e-10,-0.1003180769711459,0.147014207517829,-0.03812540804077789,2.3043654997752782e-11,-0.01600612350375322,4.9999999999693205,1,3.0679458973281726e-11,4.151097891006239e-11,0.0007164232106078774,7.127559149319513e-09,0.18196832623196754
10,-8.145226636725048e-10,-0.10033404744906553,0.14665927657928138,-0.03780968791146388,2.55592171503194e-11,-0.015165985988899785,4.999999999998571,1,1.4290790772975015e-12,4.134270186140037e-11,0.0007296327598417598,7.1364996051710516e-09,0.18118337000426812
11,-8.959947555751954e-10,-0.10034496415945292,0.14629807888698498,-0.03749454535565471,2.806581988336558e-11,-0.014324057914638935,4.999999999984996,1,1.5003998043994216e-11,4.118631695327373e-11,0.0007428423090875312,7.1457549543289864e-09,0.180398413776881
12,-9.774699217644449e-10,-0.1003508142269816,0.14593058562830907,-0.03717995933985277,3.0563447924139953e-11,-0.013480344377201444,4.99999999998793,1,1.2070344723724702e-11,4.104219345944813e-11,0.0007560518583455619,7.1553626030268855e-09,0.17961345754984637
13,-1.0589499488446497e-09,-0.10035158342319249,0.14555676696415482,-0.03686591011846321,3.305215089165423e-11,-0.012634849511573995,4.9999999999789315,1,2.106848029370667e-11,4.091066858647653e-11,0.0007692614076161876,7.165353954652249e-09,0.17882850132319514
14,-1.1404317099858828e-09,-0.10034725622863638,0.14517659194467997,-0.03655237894720257,3.5531862200847855e-11,-0.01178757663167735,4.999999999986868,1,1.3131717935266352e-11,4.0791817555266025e-11,0.0007824709568994845,7.175759399136555e-09,0.1780435450969553
15,-1.2219188359267355e-09,-0.10033781572720911,0.14479002862008603,-0.03623934851426893,3.800265393817941e-11,-0.010938528015657574,4.999999999986162,1,1.3837819778927951e-11,4.068608250626718e-11,0.0007956805061958951,7.18661725316915e-09,0.17725858887116933
16,-1.30340654010509e-09,-0.10032324368895139,0.14439704392525743,-0.035926802553152025,4.0464447773037153e-11,-0.010087705094908927,4.999999999996692,1,3.3075764349632664e-12,4.0593842238483615e-11,0.0008088900555057984,7.1979677545816465e-09,0.17647363264587498
17,-1.3849010418957143e-09,-0.10030352072932312,0.14399760345614526,-0.035614725094781585,4.291735679786163e-11,-0.00923510881902041,4.9999999999831415,1,1.6858514584328077e-11,4.0515228375433096e-11,0.0008220996048293261,7.209838437464993e-09,0.1756886764210999
18,-1.4663952399859112e-09,-0.10027862594820607,0.1435916718856133,-0.03530310200515566,4.5361255103755804e-11,-0.008380738895022234,4.99999999998807,1,1.1930012533412082e-11,4.045073244731958e-11,0.0008353091541669702,7.222275331760938e-09,0.1749037201968904
19,-1.5478940685534659e-09,-0.10024853722302511,0.14317921257060165,-0.03499191964137269,4.7796226500066396e-11,-0.007524594445366716,4.999999999984728,1,1.5272227926743653e-11,4.040059360983505e-11,0.00084851870351897,7.235314093348572e-09,0.17411876397328208
20,-1.6293974475793176e-09,-0.1002132310375181,0.14276018772963586,-0.03468116554682382,5.0222279069584985e-11,-0.0066666736614945914,4.999999999987608,1,1.2391865311656147e-11,4.0365260053331826e-11,0.0008617282528857739,7.248998725359547e-09,0.1733338077503203
21,-1.7109019018150695e-09,-0.10017268247607782,0.1423345584145067,-0.03437082841503851,5.26393513066544e-11,-0.0058069738173133585,4.999999999990223,1,9.777068044058979e-12,4.034503075571848e-11,0.0008749378022676812,7.263368169874081e-09,0.17254885152804234
22,-1.792411671043641e-09,-0.100126865308958,0.14190228435447663,-0.03406089762698442,5.504751895246694e-11,-0.004945491490908836,4.99999999998573,1,1.4270362669321912e-11,4.034039987446656e-11,0.0008881473516651871,7.278467069445843e-09,0.1717638953064939
23,-1.8739223141694393e-09,-0.10007575189821818,0.14146332403013953,-0.03375136359203382,5.7446716668293884e-11,-0.0040822223914841,4.9999999999815525,1,1.84474657771716e-11,4.03516134962193e-11,0.0009013569010785363,7.294336409999297e-09,0.17097893908571637
24,-1.9554391691869673e-09,-0.10001931306408356,0.14101763480633175,-0.03344221828085006,5.983703756910609e-11,-0.003217161093040799,4.999999999998565,1,1.4352963262354024e-12,4.037924210875035e-11,0.0009145664505083003,7.311030007324371e-09,0.17019398286576112
25,-2.0369565904361288e-09,-0.0999575183635364,0.14056517249525646,-0.033133453837968965,6.221837074298953e-11,-0.0023503017063010267,4.999999999983505,1,1.6495249610670726e-11,4.042357251458485e-11,0.0009277759999547662,7.32858474466794e-09,0.16940902664666976
26,-2.1184777520356344e-09,-0.09989033575309174,0.14010589175668187,-0.032825064038612094,6.459079525408473e-11,-0.0014816371593536289,4.999999999982491,1,1.750866118754857e-11,4.0485125802860324e-11,0.0009409855494184554,7.347057847394005e-09,0.1686240704284961
27,-2.200002055517598e-09,-0.09981773179055317,0.13963974575261373,-0.03251704323380846,6.695428592816652e-11,-0.000611159705420256,4.999999999983399,1,1.660094284261504e-11,4.0564421242393814e-11,0.000954195098899888,7.366497721265508e-09,0.16783911421128722
28,-2.2815299002768264e-09,-0.09973967151858494,0.13916668623544798,-0.03220938676678857,6.930886344242726e-11,0.0002611392889453888,4.999999999987792,1,1.2208012378778221e-11,4.066191311595239e-11,0.0009674046483995172,7.386956898077904e-09,0.16705415799509996
29,-2.3630588312992636e-09,-0.09965611839806632,0.13868666356802442,-0.031902091158723715,7.165448193534196e-11,0.0011352694428980344,4.99999999999012,1,9.880096740744193e-12,4.0778131122098405e-11,0.0009806141979178734,7.408491246085726e-09,0.1662692017799865
30,-2.444592790346063e-09,-0.09956703434898134,0.13819962658082138,-0.03159515376887053,7.39912166198612e-11,0.002011241205146832,4.999999999991869,1,8.131273432354647e-12,4.091352869136788e-11,0.0009938237474554105,7.431154033668073e-09,0.16548424556600333
31,-2.5261282305115223e-09,-0.09947237964426288,0.13770552263903257,-0.03128857315123035,7.631900235701726e-11,0.002889066037373271,4.999999999984024,1,1.5975665235146153e-11,4.106867369113213e-11,0.0010070332970126966,7.455004113904508e-09,0.1646992893532069
32,-2.6076671371115846e-09,-0.09937211296155382,0.1372042974682726,-0.030982348635525694,7.863789244012555e-11,0.0037687562212630646,4.999999999984257,1,1.574296248918472e-11,4.12443058052585e-11,0.0010202428465904718,7.480106564859762e-09,0.1639143331416636
33,-2.689207673313745e-09,-0.09926619128225399,0.1366958952025941,-0.03067648063908159,8.094784377136107e-11,0.004650325021427468,4.999999999987103,1,1.2897238832465518e-11,4.144085240087204e-11,0.001033452396189163,7.50652231223502e-09,0.16312937693143428
34,-2.7707524655027565e-09,-0.09915456987888716,0.1361802582932147,-0.03037097053742859,8.324889480285508e-11,0.005533786634642971,4.99999999998629,1,1.3709922086491133e-11,4.1658955118401327e-11,0.0010466619458094127,7.534311462827337e-09,0.16234442072257751
35,-2.8522994015177503e-09,-0.09903720224104685,0.13565732750535925,-0.030065820826625705,8.554103998427301e-11,0.0064191562812594815,4.999999999984191,1,1.580868769224253e-11,4.1899377097493414e-11,0.0010598714954519837,7.563551824839518e-09,0.16155946451517375
36,-2.9338500415540167e-09,-0.09891404022008843,0.13512704155460256,-0.029761034165770386,8.78242749712218e-11,0.007306449756092131,4.999999999984476,1,1.552358241951879e-11,4.216274042441388e-11,0.0010730810451174987,7.594306140395539e-09,0.16077450830928322
37,-3.0154019677853484e-09,-0.09878503351631056,0.13458933779814156,-0.02945661573586304,9.009859245914663e-11,0.00819568458316176,4.999999999992238,1,7.761791209759394e-12,4.2449815208755496e-11,0.0010862905948067283,7.626655737432446e-09,0.15998955210499038
38,-3.096958652947164e-09,-0.09865013012885859,0.13404415136408776,-0.02915257071281488,9.236403444064222e-11,0.00908687880934234,4.999999999992324,1,7.675637903048482e-12,4.276127954887003e-11,0.0010995001445203503,7.660671661873654e-09,0.15920459590236347
39,-3.178515696471258e-09,-0.09850927603974277,0.1334914155068427,-0.028848905598717677,9.462055151721371e-11,0.009980051664255305,4.999999999985369,1,1.4630963107720163e-11,4.3097974672876756e-11,0.0011127096942592056,7.69643285734535e-09,0.1584196397014825
40,-3.2600783163386973e-09,-0.09836241525176989,0.13293106137808422,-0.028545627739346217,9.686819650111129e-11,0.01087522334471441,4.99999999998494,1,1.5059953284435323e-11,4.3460734357967394e-11,0.0011259192440241286,7.734029331607433e-09,0.1576346835024372
41,-3.341640654718445e-09,-0.09820948970813381,0.13236301798084082,-0.02824274542682764,9.910690565910607e-11,0.01177241508293211,4.999999999982862,1,1.7138290786533616e-11,4.385039467501673e-11,0.0011391287938159553,7.773541031755712e-09,0.15684972730530813
42,-3.42320816824874e-09,-0.09805043908468827,0.1317872123401418,-0.02794026866582128,1.0133675800989409e-10,0.012671649534295344,4.999999999999041,1,9.592326932761353e-13,4.426786017699382e-11,0.001152338343635591,7.815064850974939e-09,0.15606477111019196
43,-3.5047746229518672e-09,-0.09788520100621596,0.131203568921841,-0.02763820767708408,1.0355766974262839e-10,0.013572950078398673,4.999999999989981,1,1.0018652574217413e-11,4.471418462932539e-11,0.001165547893484089,7.85869184964535e-09,0.1552798149171797
44,-3.5863463161052448e-09,-0.09771371070357825,0.1306120100138329,-0.027336574334449915,1.0576972847410562e-10,0.014476341531943505,4.999999999991942,1,8.058442801939236e-12,4.519016593069557e-11,0.0011787574433622468,7.904521517421575e-09,0.15449485872637161
45,-3.6679182085994124e-09,-0.097535901076306,0.13001245538567216,-0.027035381433564227,1.0797287011048501e-10,0.015381849820444235,4.999999999985812,1,1.41877620762898e-11,4.5696983214695514e-11,0.0011919669932712444,7.952661020223452e-09,0.15370990253787306
46,-3.749494159732661e-09,-0.09735170264181658,0.12940482212495807,-0.02673464252359013,1.1016715148984343e-10,0.016289501922776676,4.999999999988843,1,1.1157297308272973e-11,4.623580000410544e-11,0.0012051765432122448,8.003215629136845e-09,0.1529249463517922
47,-3.831073487592493e-09,-0.0971610432516479,0.1287890248931402,-0.026434372993182926,1.1235254719843247e-10,0.017199326417566645,4.9999999999800275,1,1.9972468123796716e-11,4.6807661841560215e-11,0.001218386093186294,8.056303294591622e-09,0.1521399901682441
48,-3.9126535783659195e-09,-0.09696384824205831,0.1281649753619717,-0.02613458875328415,1.1452905853914657e-10,0.018111352880146543,4.9999999999828,1,1.7199575097492925e-11,4.741384382778042e-11,0.0012315956431946668,8.112038198243153e-09,0.1513550339873436
49,-3.994236289787358e-09,-0.09676004013211768,0.1275325824726749,-0.025835307370023455,1.1669668170675902e-10,0.019025612454360075,4.999999999982605,1,1.7394974349826953e-11,4.805565083509938e-11,0.001244805193238668,8.170553893930722e-09,0.1505700778092258
50,-4.075822341201918e-09,-0.09654953875176117,0.12689175186191934,-0.02553654678041439,1.1885544854843388e-10,0.019942137270361985,4.999999999986461,1,1.3539391829908709e-11,4.873442214078134e-11,0.0012580147433196372,8.231974720344051e-09,0.14978512163401336
51,-4.157409789409158e-09,-0.09633226084810341,0.12624238626812148,-0.02523832688805326,1.210053269715154e-10,0.020860961240302817,4.999999999998784,1,1.2159162565694714e-12,4.945155335067649e-11,0.0012712242934389698,8.296444677659306e-09,0.14900016546185166
52,-4.239001155386552e-09,-0.0961081201249953,0.1255843850856753,-0.024940668701456236,1.2314636567791812e-10,0.021782119682020182,4.999999999977366,1,2.263433884763799e-11,5.0208455309771055e-11,0.0012844338435980768,8.364099214115943e-09,0.14821520929287574
53,-4.320592785323957e-09,-0.09587702716600398,0.12491764410765786,-0.024643594062898875,1.2527850655749984e-10,0.022705649228111788,4.999999999980991,1,1.900879453842208e-11,5.100697813134194e-11,0.0012976433937988076,8.435106230316939e-09,0.14743025312725277
54,-4.40218763176236e-09,-0.09563888921736875,0.12424205552330833,-0.024347126135852368,1.2740178630388259e-10,0.02363158809889729,4.999999999977241,1,2.275868382639601e-11,5.184861071070438e-11,0.0013108529440426526,8.509617408443248e-09,0.1466452969651346
55,-4.483783795665188e-09,-0.0953936099691434,0.12355750790263084,-0.024051289874206853,1.2951620689602094e-10,0.02455997636814588,4.9999999999778,1,2.220001960040463e-11,5.2735090957987516e-11,0.0013240624943313478,8.587803338910482e-09,0.14586034080669266
56,-4.565381710160368e-09,-0.09514108958217918,0.12286388564101712,-0.023756110999159946,1.3162174737945692e-10,0.025490855522325176,4.99999999997965,1,2.034994395216927e-11,5.366853005493147e-11,0.0013372720446670047,8.669853554555022e-09,0.1450753846521166
57,-4.646984165311203e-09,-0.09488122445838738,0.12216106889156521,-0.0234616164025378,1.3371846606607975e-10,0.026424268701905604,4.99999999997823,1,2.177014124526977e-11,5.465057441858009e-11,0.00135048159505127,8.755937034648624e-09,0.14429042850157417
58,-4.728587745527241e-09,-0.09461390692707934,0.12144893365233468,-0.023167835008618402,1.3580632096121982e-10,0.027360261162197693,4.9999999999915055,1,8.494538406011998e-12,5.568353828816249e-11,0.0013636911454864575,8.846273025357833e-09,0.14350547235528457
59,-4.810191593832882e-09,-0.09433902522113614,0.12072735119914285,-0.022874796845673916,1.378852963772029e-10,0.02829887988833797,4.9999999999812195,1,1.8780532684559148e-11,5.6769556792456356e-11,0.0013769006959747033,8.941060929538964e-09,0.14272051621344845
60,-4.891801629997974e-09,-0.09405646329011996,0.11999618781004436,-0.022582532992132438,1.3995546850950132e-10,0.02924017363002995,4.999999999978763,1,2.1237234193449694e-11,5.791106560409311e-11,0.0013901102465184413,9.040532857701313e-09,0.1419355600762979
61,-4.973410163916299e-09,-0.09376610045000092,0.11925530480823644,-0.022291076444595295,1.4201675939496144e-10,0.0301841933764145,4.999999999971596,1,2.8403945862010005e-11,5.911054297210775e-11,0.0014033197971201501,9.144922183070915e-09,0.14115060394406523
62,-5.055022494414045e-09,-0.09346781127259414,0.11850455802770295,-0.022000461442706863,1.4406922663705202e-10,0.031130992104702944,4.999999999986505,1,1.3494982908923703e-11,6.037079882510354e-11,0.0014165293477826398,9.254493275168074e-09,0.14036564781701508
63,-5.136635920401593e-09,-0.09316146531588518,0.11774379756928793,-0.02171072365767954,1.4611283756395316e-10,0.03208062494300901,4.9999999999799085,1,2.0091484032036533e-11,6.169428362987094e-11,0.0014297388985083607,9.369486312924383e-09,0.13958069169538653
64,-5.2182488439440725e-09,-0.09284692681991612,0.11697286757829904,-0.02142190049608047,1.4814759172323452e-10,0.03303314939232674,4.999999999971524,1,2.8475888314005715e-11,6.30844080366563e-11,0.001442948449300723,9.490208857613098e-09,0.13879573557948985
65,-5.299868468357354e-09,-0.09252405440215214,0.11619160596143889,-0.021134031299787043,1.501735598711612e-10,0.03398862550499211,4.9999999999670806,1,3.291944494776544e-11,6.45443488665503e-11,0.0014561580001629035,9.616964915565704e-09,0.13801077946962803
66,-5.381486252814707e-09,-0.09219270099751378,0.11539984344485028,-0.020847155850046147,1.5219065349660494e-10,0.03494711527072995,4.999999999978669,1,2.1331381105937908e-11,6.607724228291899e-11,0.0014693675510980384,9.750054270767009e-09,0.13722582336609934
67,-5.46310937878047e-09,-0.09185271313615115,0.11459740411388453,-0.02056131693904183,1.5419895277594808e-10,0.03590868392616302,4.999999999985502,1,1.4497736344765144e-11,6.768698373385136e-11,0.001482577102110023,9.889837117421283e-09,0.1364408672692661
68,-5.544731209182447e-09,-0.09150393101440306,0.11378410398108557,-0.020276557728307595,1.561983959002493e-10,0.03687339881625328,4.99999999997493,1,2.5069724074455735e-11,6.937757543415434e-11,0.001495786653202859,1.0036679821388546e-08,0.13565591117949113
69,-5.626358833134563e-09,-0.09114618766262382,0.11295975162439298,-0.019992924740033738,1.5818906091112357e-10,0.037841330915228316,4.999999999965722,1,3.427835792990663e-11,7.115286817754444e-11,0.001508996204380398,1.0190959972171145e-08,0.13487095509715621
70,-5.7079851445796905e-09,-0.09077930897775534,0.11212414661700451,-0.019710465063058197,1.6017086899637114e-10,0.038812553635223006,4.999999999986637,1,1.3362644324388384e-11,7.301795398414564e-11,0.0015222057556477304,1.0353124713945008e-08,0.1340859990227053
71,-5.789612972470794e-09,-0.09040311305092467,0.11127707955070626,-0.019429227916964303,1.6214386895783442e-10,0.03978714369474693,4.999999999970965,1,2.9035440718416794e-11,7.497704495231644e-11,0.0015354153070090686,1.0523588861223181e-08,0.13330104295655562
72,-5.871247122468645e-09,-0.0900174097426253,0.11041833132316871,-0.01914926437990709,1.641081082018085e-10,0.04076518113428531,4.999999999961177,1,3.8823166903512174e-11,7.70355041065573e-11,0.0015486248584697757,1.0702845234935198e-08,0.13251608689919803
73,-5.952878923733554e-09,-0.08962200003638184,0.10954767284249058,-0.018870628341362747,1.660634714868469e-10,0.04174674991820357,4.999999999981002,1,1.899813639738568e-11,7.91992652121099e-11,0.0015618344100357853,1.0891430552615873e-08,0.13173113085116905
74,-6.034511602667706e-09,-0.08921667592529513,0.10866486317889171,-0.01859337355697413,1.6801004890478587e-10,0.04273193672450348,4.999999999969933,1,3.006661586368864e-11,8.147379027738403e-11,0.0015750439617125591,1.1089866974216905e-08,0.13094617481299298
75,-6.116151733501422e-09,-0.0888012191110699,0.10776965061386963,-0.018317558414240723,1.6994785846049236e-10,0.04372083336027245,4.999999999969672,1,3.0327740319080476e-11,8.386583218803942e-11,0.0015882535135068505,1.1298773748330274e-08,0.130161218785288
76,-6.1977854632666764e-09,-0.08837540098571958,0.10686177014351132,-0.01804324164834686,1.7187680032114436e-10,0.04471353495597391,4.999999999978436,1,2.156408385189934e-11,8.638254866393521e-11,0.0016014630654258165,1.1518798330845819e-08,0.12937626276870115
77,-6.2794221206452254e-09,-0.08793898158911359,0.10594094342307432,-0.017770484608355536,1.7379694197174502e-10,0.0457101412446102,4.999999999964964,1,3.503597412191084e-11,8.903100530109256e-11,0.0016146726174765221,1.1750613306659922e-08,0.1285913067639046
78,-6.361064401257013e-09,-0.08749170896435968,0.10500687740703388,-0.017499350361634164,1.757083603829988e-10,0.0467107563814022,4.999999999958165,1,4.18349799247153e-11,9.181988760727923e-11,0.0016278821696676532,1.1994997725278451e-08,0.1278063507716765
79,-6.442708663836837e-09,-0.08703331806626717,0.10405926391413768,-0.017229905413808436,1.7761099752390088e-10,0.04771549000723497,4.9999999999609175,1,3.908251500206461e-11,9.475773400237837e-11,0.001641091722007748,1.225275396747636e-08,0.12702139479282168
80,-6.524357786258665e-09,-0.08656353001878991,0.10309777791551442,-0.016962218425325217,1.7950489634952068e-10,0.04872445693446617,4.999999999975084,1,2.4916069207847613e-11,9.785471398874406e-11,0.001654301274506976,1.2524796378595626e-08,0.1262364388282544
81,-6.606000821083621e-09,-0.0860820513482294,0.10212207548035669,-0.01669635838966106,1.8138989781209213e-10,0.049737776612780095,4.999999999967285,1,3.271516391123441e-11,1.0112046751919821e-10,0.0016675108271749768,1.2812026158289237e-08,0.1254514828788737
82,-6.6876498187859385e-09,-0.0855885723185355,0.10113179383363016,-0.016432398505564435,1.8326619199097704e-10,0.050755575278805795,4.999999999968521,1,3.147881955101184e-11,1.0456720805637364e-10,0.001680720380023964,1.311554700972616e-08,0.12466652694578363
83,-6.769302409560092e-09,-0.08508276592958733,0.10012654909865445,-0.016170414535787055,1.8513374981726595e-10,0.05177798557075876,4.999999999943672,1,5.632827537738194e-11,1.0820671187346613e-10,0.0016939299330657137,1.3436454729141773e-08,0.12388157103008082
84,-6.850957958589062e-09,-0.08456428671795797,0.09910593403059814,-0.01591048359733959,1.8699257196983306e-10,0.05280514638572763,4.999999999980024,1,1.9976020837475517e-11,1.1205376454182088e-10,0.0017071394863150118,1.3776075882305965e-08,0.12309661513309236
85,-6.9326098856145984e-09,-0.0840327690438467,0.09806951662231486,-0.01565268562794255,1.8884255072734894e-10,0.05383720402748773,4.999999999954583,1,4.5417003491365904e-11,1.1612230332840391e-10,0.001720349039785795,1.4135701317476368e-08,0.12231165925610589
86,-7.014268980755383e-09,-0.08348782528402965,0.09701683831293771,-0.015397104376870986,1.9068385931484398e-10,0.054874313181388856,4.999999999959412,1,4.058797742345632e-11,1.2042965692946607e-10,0.0017335585934953916,1.451689935365233e-08,0.12152670340069291
87,-7.09592407509908e-09,-0.08292904440452567,0.09594741026449148,-0.015143824187873363,1.925163292778647e-10,0.05591663599356781,4.999999999947828,1,5.2171600373185356e-11,1.249933959698928e-10,0.0017467681474613724,1.492127583065216e-08,0.1207417475684592
88,-7.177585084092907e-09,-0.0823559895203155,0.09486071171828385,-0.01489293268110469,1.9434014198654018e-10,0.05696434395599139,4.999999999962115,1,3.788525049230884e-11,1.2983405621766022e-10,0.0017599777017042733,1.5350692012046176e-08,0.1199567917612643
89,-7.259247231306854e-09,-0.08176819579248673,0.09375618630779672,-0.014644519129619978,1.9615520096286408e-10,0.05801761786731521,4.999999999953122,1,4.687805699177261e-11,1.349736279183112e-10,0.0017731872562460843,1.5807153074317555e-08,0.11917183598111432
90,-7.340913019343912e-09,-0.08116516731735554,0.09263324022211882,-0.014398678326779631,1.9796155429691254e-10,0.05907665042587121,4.999999999952076,1,4.792433117017936e-11,1.404370347734887e-10,0.0017863968111117292,1.6292914907446187e-08,0.11838688023026488
91,-7.4225729537185665e-09,-0.08054637516402816,0.09149123544403807,-0.014155503316311588,1.9975907216895508e-10,0.06014164375923677,4.999999999951197,1,4.880273962726278e-11,1.4625148812161958e-10,0.0017996063663284197,1.6810446452209403e-08,0.11760192451118429
92,-7.504241306651533e-09,-0.07991125320728161,0.09032948811508565,-0.013915092002685054,2.015479768395333e-10,0.06121281350232293,4.9999999999508535,1,4.914646467568673e-11,1.5244788259026787e-10,0.0018128159219270494,1.736255178096021e-08,0.1168169688266781
93,-7.585914891049522e-09,-0.07925919494739377,0.08914726198091032,-0.013677542999923914,2.0332819837504417e-10,0.06229038802071777,4.999999999964703,1,3.529709857730268e-11,1.5906015371595067e-10,0.0018260254779415548,1.795229583302215e-08,0.11603201317980875
94,-7.66758687618334e-09,-0.07858954921893568,0.08794376304881915,-0.01344295609856615,2.050996950016908e-10,0.06337460992869873,4.999999999938593,1,6.140687958122726e-11,1.661272235352895e-10,0.001839235034410857,1.8583203145115303e-08,0.11524705757410449
95,-7.749261615194644e-09,-0.0779016147566706,0.08671813525985121,-0.013211437080987085,2.0686252041426725e-10,0.06446573979844604,4.999999999964832,1,3.516831270644616e-11,1.7369257507618932e-10,0.0018524445913784395,1.9259193033782436e-08,0.11446210201348023
96,-7.830932176648588e-09,-0.0771946363590601,0.08546944800712802,-0.012983084786342958,2.086165858519017e-10,0.06556405187007985,4.999999999928251,1,7.174882910021552e-11,1.818045811100664e-10,0.001865654148892675,1.9984641642515315e-08,0.11367714650231389
97,-7.912608101005625e-09,-0.07646779675352282,0.08419669364886385,-0.012758005236197032,2.1036198483722506e-10,0.06666984252926082,4.999999999922265,1,7.773515164899436e-11,1.9051992632299033e-10,0.001878863707010248,2.07646560401659e-08,0.11289219104571503
98,-7.994294147878703e-09,-0.07572021049021313,0.08289877426850414,-0.01253630252935271,2.1209882321083228e-10,0.06778342833576068,4.999999999914821,1,8.517897498450111e-11,1.9990245506848495e-10,0.0018920732657950036,2.1604976779634512e-08,0.11210723564942063
99,-8.075974559388394e-09,-0.0749509152527589,0.0815744914862349,-0.01231808087813687,2.1382689413062575e-10,0.06890514955883899,4.999999999920615,1,7.938538715279719e-11,2.100243352972692e-10,0.0019052828253191087,2.251211313702902e-08,0.11132228031994146
100,-8.157654611157274e-09,-0.07415886308588052,0.08022253030886203,-0.01210343650168133,2.155463087554139e-10,0.070035369448065,4.999999999903243,1,9.675726886371194e-11,2.2096865767139198e-10,0.001918492385665654,2.3493542118074684e-08,0.11053732506475374
101,-8.239347713408403e-09,-0.07334290744151858,0.07884144893995762,-0.011892469324642038,2.172572578884837e-10,0.07117448316767207,4.999999999897978,1,1.0202239053569429e-10,2.328334210501108e-10,0.0019317019469326402,2.455805483341043e-08,0.10975236989265014
102,-8.321034952335517e-09,-0.07250179142914957,0.0774296555626319,-0.011685269370923177,2.189594284444178e-10,0.0723229156579305,4.99999999989088,1,1.0911982428751799e-10,2.457298072768866e-10,0.0019449115092312467,2.571565146312253e-08,0.10896741481363018
103,-8.402724317105262e-09,-0.07163413124633902,0.07598538948923211,-0.01148192164775867,2.2065303471425507e-10,0.07348112879932571,4.999999999908629,1,9.137135492665038e-11,2.597914546915465e-10,0.0019581210726951136,2.6978298803881437e-08,0.10818245983965877
104,-8.48442590994092e-09,-0.07073839822069387,0.07450669301127685,-0.011282498060792217,2.2233816680913406e-10,0.07464962351987033,4.999999999885851,1,1.141486904998601e-10,2.7517126048157056e-10,0.0019713306374771365,2.8359716290709912e-08,0.1073975049844585
105,-8.56612019690509e-09,-0.06981289620668002,0.07299138112884947,-0.011087056180961686,2.2401452028407679e-10,0.07582894622848944,4.999999999880461,1,1.1953904532902015e-10,2.9205228258837135e-10,0.001984540203760375,2.9876299200791326e-08,0.10661255026442273
106,-8.647814257377467e-09,-0.06885573469029786,0.07143700367500687,-0.010895634559398498,2.2568230886929559e-10,0.07701969510963744,4.999999999897822,1,1.0217782175914181e-10,3.106536707942754e-10,0.0019977497717639787,3.1547668116596394e-08,0.10582759569917176
107,-8.729521564563087e-09,-0.06786479679476576,0.06984079680547756,-0.010708241167963347,2.2734174079843894e-10,0.07822252507934989,4.999999999864576,1,1.354241163653569e-10,3.3123620518038145e-10,0.002010959341748726,3.3397138010362226e-08,0.10504264131202076
108,-8.811209630210296e-09,-0.06683769844542031,0.06819962825986788,-0.010524851081315647,2.2899223653943943e-10,0.07943815936947715,4.999999999849145,1,1.5085532822922687e-10,3.5411920574989593e-10,0.00202416891403394,3.545324814457751e-08,0.10425768713151093
109,-8.892936149671662e-09,-0.06577173854336592,0.06650992670516441,-0.010345396950347674,2.3063477922530436e-10,0.08066740083004732,4.999999999870791,1,1.2920864378429542e-10,3.796946835940456e-10,0.0020373784890116283,3.775098052700809e-08,0.10347273319262107
110,-8.974646076054952e-09,-0.06466383903678366,0.06476758532316855,-0.010169737733958902,2.322684828507987e-10,0.08191113714384833,4.9999999998174935,1,1.8250645439366053e-10,4.0843841471834403e-10,0.0020505880671575698,4.0332826379849886e-08,0.10268777953784607
111,-9.056362040186335e-09,-0.06351046420042625,0.0629678539361751,-0.00999765468725585,2.338937863798182e-10,0.0831703639641939,4.999999999802838,1,1.971622864971323e-10,4.409592306595935e-10,0.0020637976490805944,4.325303643080241e-08,0.10190282622143236
112,-9.138096503829452e-09,-0.0623075212246319,0.06110518673697995,-0.009828812769001438,2.3551090829420827e-10,0.08444619917927983,4.999999999789253,1,2.1074697542644572e-10,4.780217567109201e-10,0.002077007235545328,4.6579720069885023e-08,0.10111787331149259
113,-9.219822970064882e-09,-0.06105022884655255,0.0591730486632147,-0.009662722802602768,2.3711941472456145e-10,0.08573990732455979,4.99999999978625,1,2.1374990666345184e-10,5.206081437888392e-10,0.002090216827533922,5.0400351000435955e-08,0.10033292089550035
114,-9.301543406990447e-09,-0.05973294413129091,0.05716365518289046,-0.009498683079203731,2.387194184310065e-10,0.08705292817349379,4.999999999765922,1,2.340776461551286e-10,5.700087650329223e-10,0.0021034264263367487,5.48297048057936e-08,0.09954796908823003
115,-9.38326827222127e-09,-0.058348928760758347,0.05506761886946991,-0.009335696514495588,2.4031112351375617e-10,0.08838691359722023,4.999999999752446,1,2.475539773172386e-10,6.279448143205934e-10,0.002116636033675003,6.002078288527427e-08,0.09876301804268454
116,-9.465012619312076e-09,-0.05689002672182072,0.05287345890743844,-0.00917235104938801,2.4189455705150517e-10,0.08974377613103923,4.999999999702657,1,2.973425949903685e-10,6.967573069804076e-10,0.0021298456518896998,6.618157533024377e-08,0.09797806796685014
117,-9.546762573330138e-09,-0.055346209597280926,0.05056690002824253,-0.009006635166110584,2.434698854969496e-10,0.09112575081707532,4.999999999675311,1,3.246887203545157e-10,7.797296295478717e-10,0.002143055284264226,7.36035435426534e-08,0.09719311915219285
118,-9.628525579239574e-09,-0.0537049164289454,0.048129839667754505,-0.008835643962085455,2.4503722463412706e-10,0.09253547393862134,4.999999999638247,1,3.617532939870216e-10,8.815973177002398e-10,0.0021562649355341165,8.270675087803562e-08,0.0964081720187744
119,-9.710291796559044e-09,-0.051950056442574645,0.045538783002009066,-0.008655127058417568,2.465960822759068e-10,0.09397609854033537,4.999999999578696,1,4.213038806710756e-10,1.0094226322863358e-09,0.002169474612761633,9.411736999335136e-08,0.09562322719276611
120,-9.792081605559915e-09,-0.05006044737976803,0.042762342914606316,-0.008458695005758838,2.481475361596652e-10,0.09545143904902878,4.99999999950707,1,4.929301411493725e-10,1.1742885762665037e-09,0.0021826843270297785,1.088172406361274e-07,0.09483828565601198
121,-9.873810428832914e-09,-0.048007215534389275,0.03975707470554687,-0.008236492678686785,2.4968994338164456e-10,0.09696620970981236,4.999999999471666,1,5.283338211370392e-10,1.3945298986317634e-09,0.002195894096673301,1.284296926983984e-07,0.09405334903183538
122,-9.955591785305034e-09,-0.0457492214544502,0.0364599317891272,-0.007972490783549122,2.512251357438733e-10,0.09852628547676026,4.999999999289419,1,7.105809274321473e-10,1.7027601080051068e-09,0.002209103954305711,1.5584071492966564e-07,0.09326842020623205
123,-1.0037430731100336e-08,-0.04322416875901061,0.03277349494717184,-0.00763903611848628,2.527532314483707e-10,0.10013913030774353,4.999999999092786,1,9.072138595911383e-10,2.163176364920419e-09,0.002222313964124168,1.967278120478598e-07,0.09248350485670014
124,-1.0119281578195109e-08,-0.040329097049858244,0.028532926676972076,-0.007183786821365868,2.5427371085283296e-10,0.10181426656924854,4.999999998779282,1,1.2207177491063703e-09,2.921435512661481e-09,0.0022355242717855156,2.6396686161888986e-07,0.09169861585912246
125,-1.0201034405990516e-08,-0.036868351976182066,0.023416252326983897,-0.006492126739002018,2.557856478774513e-10,0.10356336164760724,4.999999998161764,1,1.8382362299007582e-09,4.393547525455947e-09,0.002248735293299728,3.943190788806287e-07,0.09091378997471175
126,-1.0282806752449921e-08,-0.03235193082282573,0.016599137812646544,-0.005245811939947832,2.572905391983199e-10,0.10540233735018795,4.99999985889604,1,1.4110395962774192e-07,8.453936625406201e-09,0.0022619489030910275,7.534150528050841e-07,0.09012919283405828
127,-1.0364889012811563e-08,-0.021899507700215776,-0.00043741004332752896,0.0002585951092996044,2.5879245467048296e-10,0.10726776468598527,4.999044629578629,1,0.0009553704213711711,0.0,0.0022751499985566013,5.551115123125832e-17,0.08934348318237903
